;Normal < 2000;Normal > 2000;Extra < 2000;Extra > 2000
01-01-12;0.8785;0.8525;0.8941;0.8682
02-01-12;0.8785;0.8525;0.8941;0.8682
03-01-12;0.8784;0.8525;0.8941;0.8682
04-01-12;0.8784;0.8525;0.8941;0.8682
05-01-12;0.8784;0.8525;0.8941;0.8682
06-01-12;0.9235;0.8976;0.9314;0.9055
07-01-12;0.9235;0.8976;0.9314;0.9055
08-01-12;0.9235;0.8976;0.9314;0.9055
09-01-12;0.9235;0.8976;0.9314;0.9055
10-01-12;0.9235;0.8976;0.9314;0.9055
11-01-12;0.9235;0.8976;0.9314;0.9055
12-01-12;0.9235;0.8976;0.9314;0.9055
13-01-12;0.9235;0.8976;0.9579;0.932
14-01-12;0.9412;0.9152;0.9579;0.932
15-01-12;0.9412;0.9152;0.9579;0.932
16-01-12;0.9412;0.9152;0.9579;0.932
17-01-12;0.9412;0.9152;0.9579;0.932
18-01-12;0.9412;0.9152;0.9579;0.932
19-01-12;0.9412;0.9152;0.9579;0.932
20-01-12;0.9091;0.8832;0.924;0.8991
21-01-12;0.9091;0.8832;0.924;0.8991
22-01-12;0.9091;0.8832;0.924;0.8991
23-01-12;0.9091;0.8832;0.924;0.8991
24-01-12;0.9091;0.8832;0.924;0.8991
25-01-12;0.9091;0.8832;0.924;0.8991
26-01-12;0.9091;0.8832;0.924;0.8991
27-01-12;0.9091;0.8832;0.924;0.8991
28-01-12;0.8938;0.8679;0.9068;0.8809
29-01-12;0.8938;0.8679;0.9068;0.8809
30-01-12;0.8938;0.8679;0.9068;0.8809
31-01-12;0.8938;0.8679;0.9068;0.8809
01-02-12;0.8938;0.8679;0.9068;0.8809
02-02-12;0.8938;0.8679;0.9068;0.8809
03-02-12;0.8938;0.8679;0.9068;0.8809
04-02-12;0.8938;0.8679;0.9068;0.8809
05-02-12;0.8938;0.8679;0.9068;0.8809
06-02-12;0.8938;0.8679;0.9068;0.8809
07-02-12;0.8938;0.8679;0.9068;0.8809
08-02-12;0.9356;0.9096;0.9506;0.9247
09-02-12;0.9356;0.9096;0.9506;0.9247
10-02-12;0.9356;0.9096;0.934;0.9081
11-02-12;0.9356;0.9096;0.934;0.9081
12-02-12;0.9356;0.9096;0.934;0.9081
13-02-12;0.9356;0.9096;0.934;0.9081
14-02-12;0.9356;0.9096;0.934;0.9081
15-02-12;0.9356;0.9096;0.934;0.9081
16-02-12;0.9356;0.9096;0.934;0.9081
17-02-12;0.9356;0.9096;0.9586;0.9327
18-02-12;0.9356;0.9096;0.9586;0.9327
19-02-12;0.9356;0.9096;0.9586;0.9327
20-02-12;0.9356;0.9096;0.9586;0.9327
21-02-12;0.9356;0.9096;0.9586;0.9327
22-02-12;0.9356;0.9096;0.9586;0.9327
23-02-12;0.9356;0.9096;0.9586;0.9327
24-02-12;0.9515;0.9256;0.9586;0.9327
25-02-12;0.9515;0.9256;0.9586;0.9327
26-02-12;0.9515;0.9256;0.9586;0.9327
27-02-12;0.9515;0.9256;0.9586;0.9327
28-02-12;0.9515;0.9256;0.9586;0.9327
29-02-12;0.9515;0.9256;0.9586;0.9327
01-03-12;0.9515;0.9256;0.9586;0.9327
02-03-12;0.9515;0.9256;0.9586;0.9327
03-03-12;0.9338;0.9079;0.9586;0.9327
04-03-12;0.9338;0.9079;0.9586;0.9327
05-03-12;0.9338;0.9079;0.9586;0.9327
06-03-12;0.9338;0.9079;0.9586;0.9327
07-03-12;0.9338;0.9079;0.9586;0.9327
08-03-12;0.9338;0.9079;0.9586;0.9327
09-03-12;0.9338;0.9079;0.9586;0.9327
10-03-12;0.9338;0.9079;0.9586;0.9327
11-03-12;0.9338;0.9079;0.9586;0.9327
12-03-12;0.9338;0.9079;0.9586;0.9327
13-03-12;0.9616;0.9357;0.9586;0.9327
14-03-12;0.9616;0.9357;0.9586;0.9327
15-03-12;0.9616;0.9357;0.9869;0.961
16-03-12;0.9616;0.9357;0.9869;0.961
17-03-12;0.9616;0.9357;0.9869;0.961
18-03-12;0.9616;0.9357;0.9869;0.961
19-03-12;0.9616;0.9357;0.9869;0.961
20-03-12;0.9616;0.9357;0.9869;0.961
21-03-12;0.9616;0.9357;0.9869;0.961
22-03-12;0.9616;0.9357;0.9869;0.961
23-03-12;0.9616;0.9357;0.9869;0.961
24-03-12;0.9616;0.9357;0.9601;0.9342
25-03-12;0.9616;0.9357;0.9601;0.9342
26-03-12;0.9616;0.9357;0.9601;0.9342
27-03-12;0.9616;0.9357;0.9601;0.9342
28-03-12;0.9616;0.9357;0.9601;0.9342
29-03-12;0.9459;0.92;0.9601;0.9342
30-03-12;0.9459;0.92;0.9601;0.9342
31-03-12;0.9459;0.92;0.9601;0.9342
01-04-12;0.9459;0.92;0.9601;0.9342
02-04-12;0.9459;0.92;0.9601;0.9342
03-04-12;0.947;0.9208;0.9612;0.935
04-04-12;0.947;0.9208;0.9612;0.935
05-04-12;0.947;0.9208;0.9612;0.935
06-04-12;0.947;0.9208;0.9612;0.935
07-04-12;0.947;0.9208;0.9612;0.935
08-04-12;0.947;0.9208;0.9612;0.935
09-04-12;0.947;0.9208;0.9612;0.935
10-04-12;0.947;0.9208;0.9612;0.935
11-04-12;0.947;0.9208;0.9612;0.935
12-04-12;0.947;0.9208;0.9612;0.935
13-04-12;0.947;0.9208;0.9612;0.935
14-04-12;0.947;0.9208;0.9612;0.935
15-04-12;0.947;0.9208;0.9612;0.935
16-04-12;0.947;0.9208;0.9612;0.935
17-04-12;0.947;0.9208;0.9612;0.935
18-04-12;0.947;0.9208;0.9612;0.935
19-04-12;0.947;0.9208;0.9612;0.935
20-04-12;0.9299;0.9037;0.9461;0.9199
21-04-12;0.9299;0.9037;0.9461;0.9199
22-04-12;0.9299;0.9037;0.9461;0.9199
23-04-12;0.9299;0.9037;0.9461;0.9199
24-04-12;0.9299;0.9037;0.9461;0.9199
25-04-12;0.9299;0.9037;0.9461;0.9199
26-04-12;0.9299;0.9037;0.9461;0.9199
27-04-12;0.9299;0.9037;0.9461;0.9199
28-04-12;0.9299;0.9037;0.9461;0.9199
29-04-12;0.9299;0.9037;0.9461;0.9199
30-04-12;0.9299;0.9037;0.9461;0.9199
01-05-12;0.9299;0.9037;0.9461;0.9199
02-05-12;0.9299;0.9037;0.9461;0.9199
03-05-12;0.94;0.9138;0.9461;0.9199
04-05-12;0.94;0.9138;0.9461;0.9199
05-05-12;0.94;0.9138;0.9461;0.9199
06-05-12;0.94;0.9138;0.9461;0.9199
07-05-12;0.94;0.9138;0.9461;0.9199
08-05-12;0.94;0.9138;0.9461;0.9199
09-05-12;0.9133;0.8871;0.9461;0.9199
10-05-12;0.9109;0.8847;0.9133;0.8871
11-05-12;0.9109;0.8847;0.9133;0.8871
12-05-12;0.9109;0.8847;0.9133;0.8871
13-05-12;0.9109;0.8847;0.9133;0.8871
14-05-12;0.9109;0.8847;0.9133;0.8871
15-05-12;0.9109;0.8847;0.9133;0.8871
16-05-12;0.9109;0.8847;0.9133;0.8871
17-05-12;0.9109;0.8847;0.9133;0.8871
18-05-12;0.9109;0.8847;0.9133;0.8871
19-05-12;0.9109;0.8847;0.9133;0.8871
20-05-12;0.9109;0.8847;0.9133;0.8871
21-05-12;0.9109;0.8847;0.9133;0.8871
22-05-12;0.9109;0.8847;0.9133;0.8871
23-05-12;0.895;0.8688;0.9109;0.8847
24-05-12;0.895;0.8688;0.9109;0.8847
25-05-12;0.895;0.8688;0.9109;0.8847
26-05-12;0.895;0.8688;0.9109;0.8847
27-05-12;0.895;0.8688;0.9109;0.8847
28-05-12;0.895;0.8688;0.9109;0.8847
29-05-12;0.895;0.8688;0.9109;0.8847
30-05-12;0.895;0.8688;0.9109;0.8847
31-05-12;0.895;0.8688;0.9109;0.8847
01-06-12;0.895;0.8688;0.9109;0.8847
02-06-12;0.895;0.8688;0.9109;0.8847
03-06-12;0.895;0.8688;0.9109;0.8847
04-06-12;0.895;0.8688;0.9109;0.8847
05-06-12;0.895;0.8688;0.8754;0.8493
06-06-12;0.8588;0.8326;0.8754;0.8493
07-06-12;0.8588;0.8326;0.8754;0.8493
08-06-12;0.8588;0.8326;0.8754;0.8493
09-06-12;0.8588;0.8326;0.8754;0.8493
10-06-12;0.8588;0.8326;0.8754;0.8493
11-06-12;0.8588;0.8326;0.8754;0.8493
12-06-12;0.8588;0.8326;0.8754;0.8493
13-06-12;0.8588;0.8326;0.8754;0.8493
14-06-12;0.8588;0.8326;0.8754;0.8493
15-06-12;0.8588;0.8326;0.8754;0.8493
16-06-12;0.8588;0.8326;0.8754;0.8493
17-06-12;0.8588;0.8326;0.8754;0.8493
18-06-12;0.8588;0.8326;0.8754;0.8493
19-06-12;0.8588;0.8326;0.8754;0.8493
20-06-12;0.8588;0.8326;0.8584;0.8322
21-06-12;0.8588;0.8326;0.8584;0.8322
22-06-12;0.84;0.8138;0.8584;0.8322
23-06-12;0.84;0.8138;0.8584;0.8322
24-06-12;0.84;0.8138;0.8584;0.8322
25-06-12;0.84;0.8138;0.8584;0.8322
26-06-12;0.84;0.8138;0.8584;0.8322
27-06-12;0.84;0.8138;0.8584;0.8322
28-06-12;0.84;0.8138;0.8584;0.8322
29-06-12;0.84;0.8138;0.8584;0.8322
30-06-12;0.84;0.8138;0.8584;0.8322
01-07-12;0.84;0.8138;0.8584;0.8322
02-07-12;0.84;0.8138;0.8584;0.8322
03-07-12;0.8405;0.8143;0.8589;0.8327
04-07-12;0.8405;0.8143;0.8589;0.8327
05-07-12;0.8405;0.8143;0.8589;0.8327
06-07-12;0.8733;0.8471;0.8992;0.873
07-07-12;0.8733;0.8471;0.8992;0.873
08-07-12;0.8733;0.8471;0.8992;0.873
09-07-12;0.8733;0.8471;0.8992;0.873
10-07-12;0.8733;0.8471;0.8992;0.873
11-07-12;0.8733;0.8471;0.8992;0.873
12-07-12;0.8733;0.8471;0.8992;0.873
13-07-12;0.8897;0.8636;0.9112;0.8851
14-07-12;0.8897;0.8636;0.9112;0.8851
15-07-12;0.8897;0.8636;0.9112;0.8851
16-07-12;0.8897;0.8636;0.9112;0.8851
17-07-12;0.8897;0.8636;0.9112;0.8851
18-07-12;0.8897;0.8636;0.9112;0.8851
19-07-12;0.8897;0.8636;0.9409;0.9148
20-07-12;0.8897;0.8636;0.9409;0.9148
21-07-12;0.9291;0.903;0.9409;0.9148
22-07-12;0.9291;0.903;0.9409;0.9148
23-07-12;0.9291;0.903;0.9409;0.9148
24-07-12;0.9291;0.903;0.9409;0.9148
25-07-12;0.914;0.8878;0.9409;0.9148
26-07-12;0.914;0.8878;0.9409;0.9148
27-07-12;0.914;0.8878;0.9409;0.9148
28-07-12;0.914;0.8878;0.9409;0.9148
29-07-12;0.914;0.8878;0.9409;0.9148
30-07-12;0.914;0.8878;0.9409;0.9148
31-07-12;0.914;0.8878;0.9409;0.9148
01-08-12;0.914;0.8878;0.9409;0.9148
02-08-12;0.914;0.8878;0.9409;0.9148
03-08-12;0.914;0.8878;0.9409;0.9148
04-08-12;0.914;0.8878;0.9409;0.9148
05-08-12;0.914;0.8878;0.9409;0.9148
06-08-12;0.914;0.8878;0.9409;0.9148
07-08-12;0.914;0.8878;0.9409;0.9148
08-08-12;0.914;0.8878;0.9409;0.9148
09-08-12;0.9393;0.9132;0.9671;0.941
10-08-12;0.9393;0.9132;0.9671;0.941
11-08-12;0.9393;0.9132;0.9671;0.941
12-08-12;0.9393;0.9132;0.9671;0.941
13-08-12;0.9393;0.9132;0.9671;0.941
14-08-12;0.9393;0.9132;0.9671;0.941
15-08-12;0.9393;0.9132;0.9671;0.941
16-08-12;0.9393;0.9132;0.9671;0.941
17-08-12;0.9663;0.9401;0.9862;0.96
18-08-12;0.9663;0.9401;0.9862;0.96
19-08-12;0.9663;0.9401;0.9862;0.96
20-08-12;0.9663;0.9401;0.9862;0.96
21-08-12;0.9663;0.9401;0.9862;0.96
22-08-12;0.9663;0.9401;0.9862;0.96
23-08-12;0.9663;0.9401;0.9862;0.96
24-08-12;0.9663;0.9401;0.9953;0.9691
25-08-12;0.9663;0.9401;0.9953;0.9691
26-08-12;0.9663;0.9401;0.9953;0.9691
27-08-12;0.9663;0.9401;0.9953;0.9691
28-08-12;0.9663;0.9401;0.9953;0.9691
29-08-12;0.9663;0.9401;0.9953;0.9691
30-08-12;0.9663;0.9401;0.9953;0.9691
31-08-12;0.9663;0.9401;0.9953;0.9691
01-09-12;0.9663;0.9401;0.9953;0.9691
02-09-12;0.9663;0.9401;0.9953;0.9691
03-09-12;0.9663;0.9401;0.9953;0.9691
04-09-12;0.9663;0.9401;0.9953;0.9691
05-09-12;0.9663;0.9401;0.9953;0.9691
06-09-12;0.9663;0.9401;0.9953;0.9691
07-09-12;0.9663;0.9401;0.9953;0.9691
08-09-12;0.9663;0.9401;0.9953;0.9691
09-09-12;0.9663;0.9401;0.9953;0.9691
10-09-12;0.9663;0.9401;0.9953;0.9691
11-09-12;0.9663;0.9401;0.9953;0.9691
12-09-12;0.9663;0.9401;0.9953;0.9691
13-09-12;0.9663;0.9401;0.9953;0.9691
14-09-12;0.9541;0.9279;0.9865;0.9603
15-09-12;0.9541;0.9279;0.9865;0.9603
16-09-12;0.9541;0.9279;0.9865;0.9603
17-09-12;0.9541;0.9279;0.9865;0.9603
18-09-12;0.9541;0.9279;0.9865;0.9603
19-09-12;0.9541;0.9279;0.9865;0.9603
20-09-12;0.9541;0.9279;0.9865;0.9603
21-09-12;0.9134;0.8872;0.9432;0.917
22-09-12;0.9134;0.8872;0.9432;0.917
23-09-12;0.9134;0.8872;0.9432;0.917
24-09-12;0.9134;0.8872;0.9432;0.917
25-09-12;0.9134;0.8872;0.9476;0.921
26-09-12;0.9134;0.8872;0.9476;0.921
27-09-12;0.9322;0.906;0.9579;0.9317
28-09-12;0.9322;0.906;0.9579;0.9317
29-09-12;0.9322;0.906;0.9579;0.9317
30-09-12;0.9322;0.906;0.9579;0.9317
01-10-12;0.9322;0.906;0.9579;0.9317
02-10-12;0.9331;0.9065;0.9588;0.9321
03-10-12;0.9331;0.9065;0.9588;0.9321
04-10-12;0.9331;0.9065;0.9757;0.949
05-10-12;0.9331;0.9065;0.9757;0.949
06-10-12;0.9331;0.9065;0.9757;0.949
07-10-12;0.9331;0.9065;0.9757;0.949
08-10-12;0.9331;0.9065;0.9757;0.949
09-10-12;0.9331;0.9065;0.9757;0.949
10-10-12;0.9331;0.9065;0.9757;0.949
11-10-12;0.9331;0.9065;0.9757;0.949
12-10-12;0.9722;0.9456;0.9757;0.949
13-10-12;0.9722;0.9456;10079;0.9812
14-10-12;0.9722;0.9456;10079;0.9812
15-10-12;0.9722;0.9456;10079;0.9812
16-10-12;0.9722;0.9456;10079;0.9812
17-10-12;0.9597;0.9331;0.9816;0.955
18-10-12;0.9597;0.9331;0.9816;0.955
19-10-12;0.9597;0.9331;0.9816;0.955
20-10-12;0.9597;0.9331;0.9816;0.955
21-10-12;0.9597;0.9331;0.9816;0.955
22-10-12;0.9597;0.9331;0.9816;0.955
23-10-12;0.9597;0.9331;0.9816;0.955
24-10-12;0.9597;0.9331;0.9816;0.955
25-10-12;0.9208;0.8942;0.9476;0.921
26-10-12;0.9208;0.8942;0.9476;0.921
27-10-12;0.9208;0.8942;0.9476;0.921
28-10-12;0.9208;0.8942;0.9476;0.921
29-10-12;0.9208;0.8942;0.9476;0.921
30-10-12;0.9343;0.9077;0.9657;0.9391
31-10-12;0.9343;0.9077;0.9657;0.9391
01-11-12;0.9343;0.9077;0.9657;0.9391
02-11-12;0.9343;0.9077;0.9657;0.9391
03-11-12;0.9343;0.9077;0.9657;0.9391
04-11-12;0.9343;0.9077;0.9657;0.9391
05-11-12;0.9343;0.9077;0.9657;0.9391
06-11-12;0.906;0.8793;0.9409;0.9143
07-11-12;0.906;0.8793;0.9409;0.9143
08-11-12;0.906;0.8793;0.9409;0.9143
09-11-12;0.906;0.8793;0.9409;0.9143
10-11-12;0.906;0.8793;0.9409;0.9143
11-11-12;0.906;0.8793;0.9409;0.9143
12-11-12;0.906;0.8793;0.9409;0.9143
13-11-12;0.906;0.8793;0.9532;0.9265
14-11-12;0.906;0.8793;0.9532;0.9265
15-11-12;0.906;0.8793;0.9532;0.9265
16-11-12;0.906;0.8793;0.9532;0.9265
17-11-12;0.906;0.8793;0.9532;0.9265
18-11-12;0.906;0.8793;0.9532;0.9265
19-11-12;0.906;0.8793;0.9532;0.9265
20-11-12;0.906;0.8793;0.9407;0.9141
21-11-12;0.906;0.8793;0.9407;0.9141
22-11-12;0.906;0.8793;0.9407;0.9141
23-11-12;0.906;0.8793;0.9407;0.9141
24-11-12;0.9133;0.8867;0.9407;0.9141
25-11-12;0.9133;0.8867;0.9407;0.9141
26-11-12;0.9133;0.8867;0.9407;0.9141
27-11-12;0.9133;0.8867;0.9407;0.9141
28-11-12;0.9133;0.8867;0.9407;0.9141
29-11-12;0.9133;0.8867;0.9407;0.9141
30-11-12;0.9133;0.8867;0.9407;0.9141
01-12-12;0.9133;0.8867;0.9407;0.9141
02-12-12;0.9133;0.8867;0.9407;0.9141
03-12-12;0.9133;0.8867;0.9407;0.9141
04-12-12;0.9133;0.8867;0.9407;0.9141
05-12-12;0.9133;0.8867;0.9407;0.9141
06-12-12;0.8912;0.8646;0.9086;0.882
07-12-12;0.8912;0.8646;0.9086;0.882
08-12-12;0.8912;0.8646;0.9086;0.882
09-12-12;0.8912;0.8646;0.9086;0.882
10-12-12;0.8912;0.8646;0.9086;0.882
11-12-12;0.8912;0.8646;0.9086;0.882
12-12-12;0.8912;0.8646;0.9086;0.882
13-12-12;0.8912;0.8646;0.9086;0.882
14-12-12;0.8827;0.8561;0.899;0.8723
15-12-12;0.8827;0.8561;0.899;0.8723
16-12-12;0.8827;0.8561;0.899;0.8723
17-12-12;0.8827;0.8561;0.899;0.8723
18-12-12;0.8827;0.8561;0.899;0.8723
19-12-12;0.8827;0.8561;0.899;0.8723
20-12-12;0.8827;0.8561;0.899;0.8723
21-12-12;0.8827;0.8561;0.899;0.8723
22-12-12;0.8827;0.8561;0.899;0.8723
23-12-12;0.8827;0.8561;0.899;0.8723
24-12-12;0.8827;0.8561;0.899;0.8723
25-12-12;0.8827;0.8561;0.899;0.8723
26-12-12;0.8827;0.8561;0.899;0.8723
27-12-12;0.8827;0.8561;0.899;0.8723
28-12-12;0.8827;0.8561;0.899;0.8723
29-12-12;0.8827;0.8561;0.899;0.8723
30-12-12;0.8827;0.8561;0.899;0.8723
31-12-12;0.8827;0.8561;0.899;0.8723
01-01-13;0.8832;0.8566;0.8995;0.8729
02-01-13;0.8832;0.8566;0.8995;0.8729
03-01-13;0.8832;0.8566;0.8995;0.8729
04-01-13;0.8832;0.8566;0.8995;0.8729
05-01-13;0.8832;0.8566;0.8995;0.8729
06-01-13;0.8832;0.8566;0.8995;0.8729
07-01-13;0.8832;0.8566;0.8995;0.8729
08-01-13;0.8832;0.8566;0.8995;0.8729
09-01-13;0.8832;0.8566;0.8995;0.8729
10-01-13;0.9013;0.8747;0.9191;0.8925
11-01-13;0.9013;0.8747;0.9191;0.8925
12-01-13;0.9013;0.8747;0.9191;0.8925
13-01-13;0.9013;0.8747;0.9191;0.8925
14-01-13;0.9013;0.8747;0.9191;0.8925
15-01-13;0.9013;0.8747;0.9191;0.8925
16-01-13;0.9013;0.8747;0.9191;0.8925
17-01-13;0.9013;0.8747;0.9191;0.8925
18-01-13;0.9013;0.8747;0.9191;0.8925
19-01-13;0.9013;0.8747;0.9009;0.8743
20-01-13;0.9013;0.8747;0.9009;0.8743
21-01-13;0.9013;0.8747;0.9009;0.8743
22-01-13;0.9013;0.8747;0.9009;0.8743
23-01-13;0.9013;0.8747;0.9009;0.8743
24-01-13;0.9013;0.8747;0.9009;0.8743
25-01-13;0.9013;0.8747;0.9009;0.8743
26-01-13;0.9013;0.8747;0.9009;0.8743
27-01-13;0.9013;0.8747;0.9009;0.8743
28-01-13;0.9013;0.8747;0.9009;0.8743
29-01-13;0.9013;0.8747;0.9009;0.8743
30-01-13;0.9013;0.8747;0.9077;0.881
31-01-13;0.9013;0.8747;0.9077;0.881
01-02-13;0.9013;0.8747;0.9077;0.881
02-02-13;0.9116;0.8849;0.9077;0.881
03-02-13;0.9116;0.8849;0.9077;0.881
04-02-13;0.9116;0.8849;0.9077;0.881
05-02-13;0.9116;0.8849;0.9077;0.881
06-02-13;0.9116;0.8849;0.9077;0.881
07-02-13;0.9116;0.8849;0.9287;0.9021
08-02-13;0.9116;0.8849;0.9287;0.9021
09-02-13;0.9116;0.8849;0.9287;0.9021
10-02-13;0.9116;0.8849;0.9287;0.9021
11-02-13;0.9116;0.8849;0.9287;0.9021
12-02-13;0.9499;0.9233;0.9287;0.9021
13-02-13;0.9499;0.9233;0.9287;0.9021
14-02-13;0.9326;0.9059;0.9287;0.9021
15-02-13;0.9326;0.9059;0.9388;0.9122
16-02-13;0.9326;0.9059;0.9388;0.9122
17-02-13;0.9326;0.9059;0.9388;0.9122
18-02-13;0.9326;0.9059;0.9388;0.9122
19-02-13;0.9326;0.9059;0.9388;0.9122
20-02-13;0.9326;0.9059;0.9388;0.9122
21-02-13;0.9326;0.9059;0.9388;0.9122
22-02-13;0.9326;0.9059;0.9388;0.9122
23-02-13;0.9326;0.9059;0.9388;0.9122
24-02-13;0.9326;0.9059;0.9388;0.9122
25-02-13;0.9326;0.9059;0.9388;0.9122
26-02-13;0.9326;0.9059;0.9388;0.9122
27-02-13;0.9143;0.8876;0.9388;0.9122
28-02-13;0.9143;0.8876;0.9388;0.9122
01-03-13;0.9143;0.8876;0.9388;0.9122
02-03-13;0.9143;0.8876;0.9388;0.9122
03-03-13;0.9143;0.8876;0.9137;0.887
04-03-13;0.9143;0.8876;0.9137;0.887
05-03-13;0.9143;0.8876;0.9137;0.887
06-03-13;0.9143;0.8876;0.9137;0.887
07-03-13;0.8841;0.8574;0.9137;0.887
08-03-13;0.8841;0.8574;0.9137;0.887
09-03-13;0.8841;0.8574;0.9137;0.887
10-03-13;0.8841;0.8574;0.9137;0.887
11-03-13;0.8841;0.8574;0.9137;0.887
12-03-13;0.8841;0.8574;0.9137;0.887
13-03-13;0.8841;0.8574;0.9137;0.887
14-03-13;0.8841;0.8574;0.9137;0.887
15-03-13;0.8841;0.8574;0.9137;0.887
16-03-13;0.8841;0.8574;0.9015;0.8748
17-03-13;0.8841;0.8574;0.9015;0.8748
18-03-13;0.8841;0.8574;0.9015;0.8748
19-03-13;0.8841;0.8574;0.9015;0.8748
20-03-13;0.8841;0.8574;0.9015;0.8748
21-03-13;0.8841;0.8574;0.9015;0.8748
22-03-13;0.8841;0.8574;0.9015;0.8748
23-03-13;0.8841;0.8574;0.9015;0.8748
24-03-13;0.8732;0.8466;0.9015;0.8748
25-03-13;0.8732;0.8466;0.9015;0.8748
26-03-13;0.8732;0.8466;0.9015;0.8748
27-03-13;0.8732;0.8466;0.8869;0.8602
28-03-13;0.8732;0.8466;0.8869;0.8602
29-03-13;0.8732;0.8466;0.8869;0.8602
30-03-13;0.8732;0.8466;0.8869;0.8602
31-03-13;0.8732;0.8466;0.9103;0.8836
01-04-13;0.8732;0.8466;0.9103;0.8836
02-04-13;0.8732;0.8466;0.9103;0.8836
03-04-13;0.8732;0.8466;0.9103;0.8836
04-04-13;0.8898;0.8631;0.9096;0.8828
05-04-13;0.8898;0.8631;0.9096;0.8828
06-04-13;0.8898;0.8631;0.9096;0.8828
07-04-13;0.8898;0.8631;0.9096;0.8828
08-04-13;0.8898;0.8631;0.9096;0.8828
09-04-13;0.8898;0.8631;0.9096;0.8828
10-04-13;0.8898;0.8631;0.9096;0.8828
11-04-13;0.8537;0.8269;0.8749;0.8481
12-04-13;0.8537;0.8269;0.8749;0.8481
13-04-13;0.8537;0.8269;0.8749;0.8481
14-04-13;0.8537;0.8269;0.8749;0.8481
15-04-13;0.8537;0.8269;0.8749;0.8481
16-04-13;0.8537;0.8269;0.8749;0.8481
17-04-13;0.8537;0.8269;0.8749;0.8481
18-04-13;0.8537;0.8269;0.8401;0.8133
19-04-13;0.8108;0.7841;0.8401;0.8133
20-04-13;0.8108;0.7841;0.8401;0.8133
21-04-13;0.8108;0.7841;0.8401;0.8133
22-04-13;0.8108;0.7841;0.8401;0.8133
23-04-13;0.8108;0.7841;0.8401;0.8133
24-04-13;0.8108;0.7841;0.8401;0.8133
25-04-13;0.8108;0.7841;0.8401;0.8133
26-04-13;0.8108;0.7841;0.8401;0.8133
27-04-13;0.8108;0.7841;0.8401;0.8133
28-04-13;0.8108;0.7841;0.8401;0.8133
29-04-13;0.8108;0.7841;0.8401;0.8133
30-04-13;0.8108;0.7841;0.8401;0.8133
01-05-13;0.8362;0.8094;0.8637;0.837
02-05-13;0.8362;0.8094;0.8637;0.837
03-05-13;0.8362;0.8094;0.8637;0.837
04-05-13;0.8362;0.8094;0.8281;0.8014
05-05-13;0.8085;0.7818;0.8281;0.8014
06-05-13;0.8085;0.7818;0.8281;0.8014
07-05-13;0.8085;0.7818;0.8281;0.8014
08-05-13;0.8085;0.7818;0.8532;0.8265
09-05-13;0.8308;0.804;0.8532;0.8265
10-05-13;0.8308;0.804;0.8532;0.8265
11-05-13;0.8308;0.804;0.8532;0.8265
12-05-13;0.8308;0.804;0.8532;0.8265
13-05-13;0.8308;0.804;0.8532;0.8265
14-05-13;0.8308;0.804;0.8532;0.8265
15-05-13;0.8308;0.804;0.8532;0.8265
16-05-13;0.8308;0.804;0.8532;0.8265
17-05-13;0.8308;0.804;0.8532;0.8265
18-05-13;0.8308;0.804;0.8532;0.8265
19-05-13;0.8545;0.8277;0.8532;0.8265
20-05-13;0.8545;0.8277;0.8532;0.8265
21-05-13;0.8545;0.8277;0.8532;0.8265
22-05-13;0.8545;0.8277;0.8532;0.8265
23-05-13;0.8545;0.8277;0.8776;0.8508
24-05-13;0.8545;0.8277;0.8776;0.8508
25-05-13;0.8545;0.8277;0.8776;0.8508
26-05-13;0.8545;0.8277;0.8501;0.8233
27-05-13;0.8545;0.8277;0.8501;0.8233
28-05-13;0.8545;0.8277;0.8501;0.8233
29-05-13;0.8545;0.8277;0.8501;0.8233
30-05-13;0.8545;0.8277;0.8501;0.8233
31-05-13;0.8545;0.8277;0.8501;0.8233
01-06-13;0.8464;0.8196;0.8501;0.8233
02-06-13;0.8464;0.8196;0.8501;0.8233
03-06-13;0.8464;0.8196;0.8501;0.8233
04-06-13;0.8464;0.8196;0.8501;0.8233
05-06-13;0.8464;0.8196;0.8501;0.8233
06-06-13;0.8464;0.8196;0.8501;0.8233
07-06-13;0.8464;0.8196;0.8501;0.8233
08-06-13;0.8464;0.8196;0.8501;0.8233
09-06-13;0.8373;0.8105;0.8501;0.8233
10-06-13;0.8373;0.8105;0.8501;0.8233
11-06-13;0.8373;0.8105;0.8501;0.8233
12-06-13;0.8373;0.8105;0.8501;0.8233
13-06-13;0.8373;0.8105;0.8501;0.8233
14-06-13;0.8373;0.8105;0.8501;0.8233
15-06-13;0.8373;0.8105;0.8501;0.8233
16-06-13;0.8373;0.8105;0.8501;0.8233
17-06-13;0.8373;0.8105;0.8501;0.8233
18-06-13;0.8373;0.8105;0.8501;0.8233
19-06-13;0.8373;0.8105;0.8501;0.8233
20-06-13;0.8373;0.8105;0.8501;0.8233
21-06-13;0.8373;0.8105;0.864;0.8372
22-06-13;0.8373;0.8105;0.864;0.8372
23-06-13;0.8373;0.8105;0.864;0.8372
24-06-13;0.8373;0.8105;0.864;0.8372
25-06-13;0.8373;0.8105;0.864;0.8372
26-06-13;0.8373;0.8105;0.864;0.8372
27-06-13;0.8373;0.8105;0.864;0.8372
28-06-13;0.8373;0.8105;0.864;0.8372
29-06-13;0.8373;0.8105;0.864;0.8372
30-06-13;0.8373;0.8105;0.864;0.8372
01-07-13;0.8373;0.8105;0.864;0.8372
02-07-13;0.8373;0.8105;0.864;0.8372
03-07-13;0.8377;0.811;0.8644;0.8377
04-07-13;0.8562;0.8294;0.8644;0.8377
05-07-13;0.8562;0.8294;0.8644;0.8377
06-07-13;0.8562;0.8294;0.8644;0.8377
07-07-13;0.8562;0.8294;0.8644;0.8377
08-07-13;0.8562;0.8294;0.8644;0.8377
09-07-13;0.8562;0.8294;0.8644;0.8377
10-07-13;0.8562;0.8294;0.8955;0.8688
11-07-13;0.8903;0.8636;0.8955;0.8688
12-07-13;0.8903;0.8636;0.8955;0.8688
13-07-13;0.8903;0.8636;0.8955;0.8688
14-07-13;0.8903;0.8636;0.8955;0.8688
15-07-13;0.8903;0.8636;0.8955;0.8688
16-07-13;0.8903;0.8636;0.8955;0.8688
17-07-13;0.8903;0.8636;0.8955;0.8688
18-07-13;0.8903;0.8636;0.8955;0.8688
19-07-13;0.8903;0.8636;0.8955;0.8688
20-07-13;0.8822;0.8555;0.8955;0.8688
21-07-13;0.8822;0.8555;0.8955;0.8688
22-07-13;0.8822;0.8555;0.8955;0.8688
23-07-13;0.8822;0.8555;0.8955;0.8688
24-07-13;0.8822;0.8555;0.8955;0.8688
25-07-13;0.8822;0.8555;0.8955;0.8688
26-07-13;0.8822;0.8555;0.8955;0.8688
27-07-13;0.8822;0.8555;0.8955;0.8688
28-07-13;0.8822;0.8555;0.8955;0.8688
29-07-13;0.8822;0.8555;0.8955;0.8688
30-07-13;0.8822;0.8555;0.8955;0.8688
31-07-13;0.8632;0.8365;0.8955;0.8688
01-08-13;0.8632;0.8365;0.88;0.8533
02-08-13;0.8632;0.8365;0.88;0.8533
03-08-13;0.8632;0.8365;0.88;0.8533
04-08-13;0.8632;0.8365;0.88;0.8533
05-08-13;0.8632;0.8365;0.88;0.8533
06-08-13;0.8632;0.8365;0.88;0.8533
07-08-13;0.8632;0.8365;0.88;0.8533
08-08-13;0.8632;0.8365;0.88;0.8533
09-08-13;0.8632;0.8365;0.88;0.8533
10-08-13;0.8632;0.8365;0.88;0.8533
11-08-13;0.8632;0.8365;0.88;0.8533
12-08-13;0.8632;0.8365;0.88;0.8533
13-08-13;0.8632;0.8365;0.88;0.8533
14-08-13;0.8632;0.8365;0.88;0.8533
15-08-13;0.8632;0.8365;0.88;0.8533
16-08-13;0.8632;0.8365;0.88;0.8533
17-08-13;0.8632;0.8365;0.88;0.8533
18-08-13;0.8632;0.8365;0.88;0.8533
19-08-13;0.8632;0.8365;0.88;0.8533
20-08-13;0.8632;0.8365;0.88;0.8533
21-08-13;0.8632;0.8365;0.88;0.8533
22-08-13;0.8827;0.856;0.9023;0.8755
23-08-13;0.8827;0.856;0.9023;0.8755
24-08-13;0.8827;0.856;0.9023;0.8755
25-08-13;0.8827;0.856;0.9023;0.8755
26-08-13;0.8827;0.856;0.9023;0.8755
27-08-13;0.8827;0.856;0.9023;0.8755
28-08-13;0.8827;0.856;0.9023;0.8755
29-08-13;0.8827;0.856;0.9023;0.8755
30-08-13;0.8827;0.856;0.9023;0.8755
31-08-13;0.8827;0.856;0.9023;0.8755
01-09-13;0.9155;0.8887;0.9338;0.907
02-09-13;0.9155;0.8887;0.9338;0.907
03-09-13;0.9155;0.8887;0.9338;0.907
04-09-13;0.9155;0.8887;0.9338;0.907
05-09-13;0.9155;0.8887;0.9338;0.907
06-09-13;0.9155;0.8887;0.9338;0.907
07-09-13;0.9155;0.8887;0.9338;0.907
08-09-13;0.9155;0.8887;0.9338;0.907
09-09-13;0.9155;0.8887;0.9338;0.907
10-09-13;0.9155;0.8887;0.9338;0.907
11-09-13;0.9155;0.8887;0.9338;0.907
12-09-13;0.9061;0.8794;0.9338;0.907
13-09-13;0.9061;0.8794;0.9089;0.8821
14-09-13;0.9061;0.8794;0.9089;0.8821
15-09-13;0.9061;0.8794;0.9089;0.8821
16-09-13;0.9061;0.8794;0.9089;0.8821
17-09-13;0.9061;0.8794;0.9089;0.8821
18-09-13;0.9061;0.8794;0.9089;0.8821
19-09-13;0.8845;0.8578;0.9089;0.8821
20-09-13;0.8845;0.8578;0.9089;0.8821
21-09-13;0.8845;0.8578;0.9089;0.8821
22-09-13;0.8845;0.8578;0.8865;0.8597
23-09-13;0.8845;0.8578;0.8865;0.8597
24-09-13;0.8845;0.8578;0.8865;0.8597
25-09-13;0.8845;0.8578;0.8865;0.8597
26-09-13;0.8528;0.8261;0.8865;0.8597
27-09-13;0.8528;0.8261;0.8865;0.8597
28-09-13;0.8528;0.8261;0.8865;0.8597
29-09-13;0.8528;0.8261;0.8865;0.8597
30-09-13;0.8528;0.8261;0.8865;0.8597
01-10-13;0.8528;0.8261;0.8865;0.8597
02-10-13;0.8513;0.8247;0.885;0.8584
03-10-13;0.8513;0.8247;0.874;0.8474
04-10-13;0.8513;0.8247;0.874;0.8474
05-10-13;0.8513;0.8247;0.874;0.8474
06-10-13;0.8513;0.8247;0.874;0.8474
07-10-13;0.8513;0.8247;0.874;0.8474
08-10-13;0.8513;0.8247;0.874;0.8474
09-10-13;0.8513;0.8247;0.874;0.8474
10-10-13;0.8513;0.8247;0.874;0.8474
11-10-13;0.8513;0.8247;0.874;0.8474
12-10-13;0.8513;0.8247;0.874;0.8474
13-10-13;0.8761;0.8495;0.874;0.8474
14-10-13;0.8761;0.8495;0.874;0.8474
15-10-13;0.8761;0.8495;0.874;0.8474
16-10-13;0.8761;0.8495;0.874;0.8474
17-10-13;0.8761;0.8495;0.874;0.8474
18-10-13;0.8761;0.8495;0.874;0.8474
19-10-13;0.8761;0.8495;0.874;0.8474
20-10-13;0.8761;0.8495;0.874;0.8474
21-10-13;0.8761;0.8495;0.874;0.8474
22-10-13;0.8761;0.8495;0.874;0.8474
23-10-13;0.8761;0.8495;0.874;0.8474
24-10-13;0.8671;0.8405;0.874;0.8474
25-10-13;0.8671;0.8405;0.874;0.8474
26-10-13;0.8671;0.8405;0.874;0.8474
27-10-13;0.8671;0.8405;0.8437;0.8171
28-10-13;0.8671;0.8405;0.8437;0.8171
29-10-13;0.8671;0.8405;0.8437;0.8171
30-10-13;0.8363;0.8097;0.8437;0.8171
31-10-13;0.8363;0.8097;0.8437;0.8171
01-11-13;0.8363;0.8097;0.8607;0.8341
02-11-13;0.8587;0.8321;0.8607;0.8341
03-11-13;0.8587;0.8321;0.8607;0.8341
04-11-13;0.8587;0.8321;0.8607;0.8341
05-11-13;0.8587;0.8321;0.8607;0.8341
06-11-13;0.8587;0.8321;0.8607;0.8341
07-11-13;0.8587;0.8321;0.8607;0.8341
08-11-13;0.8587;0.8321;0.8607;0.8341
09-11-13;0.8587;0.8321;0.8607;0.8341
10-11-13;0.8399;0.8133;0.8607;0.8341
11-11-13;0.8399;0.8133;0.8607;0.8341
12-11-13;0.8399;0.8133;0.8607;0.8341
13-11-13;0.8399;0.8133;0.8607;0.8341
14-11-13;0.8399;0.8133;0.8607;0.8341
15-11-13;0.8399;0.8133;0.8532;0.8266
16-11-13;0.8399;0.8133;0.8532;0.8266
17-11-13;0.8399;0.8133;0.8532;0.8266
18-11-13;0.8399;0.8133;0.8532;0.8266
19-11-13;0.8399;0.8133;0.8532;0.8266
20-11-13;0.8399;0.8133;0.8532;0.8266
21-11-13;0.8493;0.8227;0.8532;0.8266
22-11-13;0.8493;0.8227;0.8532;0.8266
23-11-13;0.8493;0.8227;0.8532;0.8266
24-11-13;0.8493;0.8227;0.8739;0.8473
25-11-13;0.8493;0.8227;0.8739;0.8473
26-11-13;0.8493;0.8227;0.8739;0.8473
27-11-13;0.8493;0.8227;0.8739;0.8473
28-11-13;0.8493;0.8227;0.8739;0.8473
29-11-13;0.873;0.8464;0.8739;0.8473
30-11-13;0.873;0.8464;0.8739;0.8473
01-12-13;0.873;0.8464;0.8739;0.8473
02-12-13;0.873;0.8464;0.8739;0.8473
03-12-13;0.873;0.8464;0.8739;0.8473
04-12-13;0.873;0.8464;0.8739;0.8473
05-12-13;0.873;0.8464;0.8739;0.8473
06-12-13;0.873;0.8464;0.8739;0.8473
07-12-13;0.873;0.8464;0.8739;0.8473
08-12-13;0.873;0.8464;0.8739;0.8473
09-12-13;0.873;0.8464;0.8739;0.8473
10-12-13;0.873;0.8464;0.8739;0.8473
11-12-13;0.873;0.8464;0.8739;0.8473
12-12-13;0.873;0.8464;0.8739;0.8473
13-12-13;0.873;0.8464;0.8739;0.8473
14-12-13;0.8534;0.8268;0.8739;0.8473
15-12-13;0.8534;0.8268;0.8739;0.8473
16-12-13;0.8534;0.8268;0.8739;0.8473
17-12-13;0.8534;0.8268;0.8739;0.8473
18-12-13;0.8534;0.8268;0.8531;0.8265
19-12-13;0.8534;0.8268;0.8531;0.8265
20-12-13;0.8534;0.8268;0.8531;0.8265
21-12-13;0.8534;0.8268;0.8531;0.8265
22-12-13;0.8534;0.8268;0.8531;0.8265
23-12-13;0.8534;0.8268;0.8531;0.8265
24-12-13;0.8534;0.8268;0.8531;0.8265
25-12-13;0.8534;0.8268;0.8807;0.854
26-12-13;0.8534;0.8268;0.8807;0.854
27-12-13;0.8534;0.8268;0.8807;0.854
28-12-13;0.8534;0.8268;0.8807;0.854
29-12-13;0.8653;0.8387;0.8807;0.854
30-12-13;0.8653;0.8387;0.8437;0.8171
31-12-13;0.8653;0.8387;0.8437;0.8171
01-01-14;0.8655;0.8389;0.8808;0.8542
02-01-14;0.8655;0.8389;0.8808;0.8542
03-01-14;0.8655;0.8389;0.8808;0.8542
04-01-14;0.8655;0.8389;0.8618;0.8352
05-01-14;0.8655;0.8389;0.8618;0.8352
06-01-14;0.8655;0.8389;0.8618;0.8352
07-01-14;0.8655;0.8389;0.8618;0.8352
08-01-14;0.845;0.8184;0.8618;0.8352
09-01-14;0.845;0.8184;0.8618;0.8352
10-01-14;0.845;0.8184;0.8618;0.8352
11-01-14;0.845;0.8184;0.8618;0.8352
12-01-14;0.845;0.8184;0.8618;0.8352
13-01-14;0.845;0.8184;0.8618;0.8352
14-01-14;0.845;0.8184;0.8443;0.8177
15-01-14;0.845;0.8184;0.8443;0.8177
16-01-14;0.845;0.8184;0.8443;0.8177
17-01-14;0.845;0.8184;0.8443;0.8177
18-01-14;0.845;0.8184;0.8443;0.8177
19-01-14;0.845;0.8184;0.8443;0.8177
20-01-14;0.845;0.8184;0.8443;0.8177
21-01-14;0.845;0.8184;0.8443;0.8177
22-01-14;0.845;0.8184;0.8443;0.8177
23-01-14;0.845;0.8184;0.8605;0.8339
24-01-14;0.845;0.8184;0.8605;0.8339
25-01-14;0.845;0.8184;0.8605;0.8339
26-01-14;0.845;0.8184;0.8605;0.8339
27-01-14;0.845;0.8184;0.8605;0.8339
28-01-14;0.845;0.8184;0.8605;0.8339
29-01-14;0.845;0.8184;0.8605;0.8339
30-01-14;0.845;0.8184;0.8605;0.8339
31-01-14;0.845;0.8184;0.8605;0.8339
01-02-14;0.845;0.8184;0.8605;0.8339
02-02-14;0.845;0.8184;0.8605;0.8339
03-02-14;0.845;0.8184;0.8605;0.8339
04-02-14;0.845;0.8184;0.8605;0.8339
05-02-14;0.845;0.8184;0.8605;0.8339
06-02-14;0.845;0.8184;0.8605;0.8339
07-02-14;0.845;0.8184;0.8605;0.8339
08-02-14;0.845;0.8184;0.8605;0.8339
09-02-14;0.845;0.8184;0.8605;0.8339
10-02-14;0.845;0.8184;0.8605;0.8339
11-02-14;0.845;0.8184;0.8605;0.8339
12-02-14;0.845;0.8184;0.8605;0.8339
13-02-14;0.845;0.8184;0.8605;0.8339
14-02-14;0.845;0.8184;0.8605;0.8339
15-02-14;0.845;0.8184;0.8605;0.8339
16-02-14;0.845;0.8184;0.8605;0.8339
17-02-14;0.845;0.8184;0.8605;0.8339
18-02-14;0.845;0.8184;0.8605;0.8339
19-02-14;0.845;0.8184;0.8605;0.8339
20-02-14;0.845;0.8184;0.8605;0.8339
21-02-14;0.8609;0.8343;0.8605;0.8339
22-02-14;0.8609;0.8343;0.8605;0.8339
23-02-14;0.8609;0.8343;0.8605;0.8339
24-02-14;0.8609;0.8343;0.8605;0.8339
25-02-14;0.8609;0.8343;0.8605;0.8339
26-02-14;0.8609;0.8343;0.8605;0.8339
27-02-14;0.8609;0.8343;0.8605;0.8339
28-02-14;0.8609;0.8343;0.8605;0.8339
01-03-14;0.8609;0.8343;0.8605;0.8339
02-03-14;0.8609;0.8343;0.8605;0.8339
03-03-14;0.8609;0.8343;0.8605;0.8339
04-03-14;0.8609;0.8343;0.8605;0.8339
05-03-14;0.8423;0.8157;0.8605;0.8339
06-03-14;0.8423;0.8157;0.8605;0.8339
07-03-14;0.8423;0.8157;0.8605;0.8339
08-03-14;0.8423;0.8157;0.8605;0.8339
09-03-14;0.8423;0.8157;0.8605;0.8339
10-03-14;0.8423;0.8157;0.8605;0.8339
11-03-14;0.8423;0.8157;0.8605;0.8339
12-03-14;0.8423;0.8157;0.8434;0.8168
13-03-14;0.8423;0.8157;0.8434;0.8168
14-03-14;0.8423;0.8157;0.8434;0.8168
15-03-14;0.8196;0.793;0.8434;0.8168
16-03-14;0.8196;0.793;0.8434;0.8168
17-03-14;0.8196;0.793;0.8434;0.8168
18-03-14;0.8196;0.793;0.8434;0.8168
19-03-14;0.8196;0.793;0.8434;0.8168
20-03-14;0.8196;0.793;0.8221;0.7955
21-03-14;0.8196;0.793;0.8221;0.7955
22-03-14;0.8196;0.793;0.8221;0.7955
23-03-14;0.8196;0.793;0.8221;0.7955
24-03-14;0.8196;0.793;0.8221;0.7955
25-03-14;0.8196;0.793;0.8221;0.7955
26-03-14;0.8196;0.793;0.8221;0.7955
27-03-14;0.8196;0.793;0.8221;0.7955
28-03-14;0.8196;0.793;0.8421;0.8155
29-03-14;0.8196;0.793;0.8421;0.8155
30-03-14;0.8196;0.793;0.8421;0.8155
31-03-14;0.8196;0.793;0.8421;0.8155
01-04-14;0.8196;0.793;0.8421;0.8155
02-04-14;0.8309;0.8043;0.8417;0.8151
03-04-14;0.8309;0.8043;0.8417;0.8151
04-04-14;0.8309;0.8043;0.8417;0.8151
05-04-14;0.8309;0.8043;0.8417;0.8151
06-04-14;0.8309;0.8043;0.8417;0.8151
07-04-14;0.8309;0.8043;0.8417;0.8151
08-04-14;0.8309;0.8043;0.8417;0.8151
09-04-14;0.8309;0.8043;0.8417;0.8151
10-04-14;0.819;0.7924;0.8417;0.8151
11-04-14;0.819;0.7924;0.8417;0.8151
12-04-14;0.819;0.7924;0.8417;0.8151
13-04-14;0.819;0.7924;0.8417;0.8151
14-04-14;0.819;0.7924;0.8417;0.8151
15-04-14;0.819;0.7924;0.8417;0.8151
16-04-14;0.819;0.7924;0.8417;0.8151
17-04-14;0.819;0.7924;0.8417;0.8151
18-04-14;0.8394;0.8128;0.8417;0.8151
19-04-14;0.8394;0.8128;0.8594;0.8328
20-04-14;0.8394;0.8128;0.8594;0.8328
21-04-14;0.8394;0.8128;0.8594;0.8328
22-04-14;0.8394;0.8128;0.8594;0.8328
23-04-14;0.8394;0.8128;0.8594;0.8328
24-04-14;0.8394;0.8128;0.8594;0.8328
25-04-14;0.8394;0.8128;0.8594;0.8328
26-04-14;0.8394;0.8128;0.8594;0.8328
27-04-14;0.8394;0.8128;0.8594;0.8328
28-04-14;0.8394;0.8128;0.8594;0.8328
29-04-14;0.8394;0.8128;0.8594;0.8328
30-04-14;0.8394;0.8128;0.8594;0.8328
01-05-14;0.8394;0.8128;0.8594;0.8328
02-05-14;0.8394;0.8128;0.8523;0.8257
03-05-14;0.8394;0.8128;0.8523;0.8257
04-05-14;0.8394;0.8128;0.8523;0.8257
05-05-14;0.8394;0.8128;0.8523;0.8257
06-05-14;0.8394;0.8128;0.8523;0.8257
07-05-14;0.8394;0.8128;0.8523;0.8257
08-05-14;0.8292;0.8026;0.8523;0.8257
09-05-14;0.8292;0.8026;0.8287;0.8021
10-05-14;0.8292;0.8026;0.8287;0.8021
11-05-14;0.8292;0.8026;0.8287;0.8021
12-05-14;0.8292;0.8026;0.8287;0.8021
13-05-14;0.8292;0.8026;0.8287;0.8021
14-05-14;0.8292;0.8026;0.8287;0.8021
15-05-14;0.8292;0.8026;0.8287;0.8021
16-05-14;0.8292;0.8026;0.8287;0.8021
17-05-14;0.8292;0.8026;0.8517;0.8251
18-05-14;0.8292;0.8026;0.8517;0.8251
19-05-14;0.8292;0.8026;0.8517;0.8251
20-05-14;0.8292;0.8026;0.8517;0.8251
21-05-14;0.8447;0.8181;0.8517;0.8251
22-05-14;0.8447;0.8181;0.8517;0.8251
23-05-14;0.8447;0.8181;0.8517;0.8251
24-05-14;0.8447;0.8181;0.8517;0.8251
25-05-14;0.8447;0.8181;0.8517;0.8251
26-05-14;0.8447;0.8181;0.8517;0.8251
27-05-14;0.8447;0.8181;0.8517;0.8251
28-05-14;0.8447;0.8181;0.8517;0.8251
29-05-14;0.8447;0.8181;0.8517;0.8251
30-05-14;0.8447;0.8181;0.8517;0.8251
31-05-14;0.8447;0.8181;0.8517;0.8251
01-06-14;0.8447;0.8181;0.8517;0.8251
02-06-14;0.8447;0.8181;0.8517;0.8251
03-06-14;0.8447;0.8181;0.8517;0.8251
04-06-14;0.8447;0.8181;0.8517;0.8251
05-06-14;0.8447;0.8181;0.8517;0.8251
06-06-14;0.8224;0.7958;0.8289;0.8023
07-06-14;0.8224;0.7958;0.8289;0.8023
08-06-14;0.8224;0.7958;0.8289;0.8023
09-06-14;0.8224;0.7958;0.8289;0.8023
10-06-14;0.8224;0.7958;0.8289;0.8023
11-06-14;0.8224;0.7958;0.8289;0.8023
12-06-14;0.8224;0.7958;0.8289;0.8023
13-06-14;0.8224;0.7958;0.8289;0.8023
14-06-14;0.8224;0.7958;0.8397;0.8131
15-06-14;0.8472;0.8206;0.8397;0.8131
16-06-14;0.8472;0.8206;0.8397;0.8131
17-06-14;0.8472;0.8206;0.8397;0.8131
18-06-14;0.8472;0.8206;0.8397;0.8131
19-06-14;0.8472;0.8206;0.8397;0.8131
20-06-14;0.8472;0.8206;0.8397;0.8131
21-06-14;0.8472;0.8206;0.8694;0.8428
22-06-14;0.8472;0.8206;0.8694;0.8428
23-06-14;0.8472;0.8206;0.8694;0.8428
24-06-14;0.8472;0.8206;0.8694;0.8428
25-06-14;0.8629;0.8363;0.8694;0.8428
26-06-14;0.8629;0.8363;0.8694;0.8428
27-06-14;0.8629;0.8363;0.8694;0.8428
28-06-14;0.8629;0.8363;0.8694;0.8428
29-06-14;0.8629;0.8363;0.8694;0.8428
30-06-14;0.8629;0.8363;0.8694;0.8428
01-07-14;0.8629;0.8363;0.8694;0.8428
02-07-14;0.8624;0.8358;0.8689;0.8424
03-07-14;0.8624;0.8358;0.8689;0.8424
04-07-14;0.842;0.8154;0.851;0.8244
05-07-14;0.842;0.8154;0.851;0.8244
06-07-14;0.842;0.8154;0.851;0.8244
07-07-14;0.842;0.8154;0.851;0.8244
08-07-14;0.842;0.8154;0.851;0.8244
09-07-14;0.842;0.8154;0.851;0.8244
10-07-14;0.842;0.8154;0.851;0.8244
11-07-14;0.842;0.8154;0.851;0.8244
12-07-14;0.8234;0.7969;0.834;0.8074
13-07-14;0.8234;0.7969;0.834;0.8074
14-07-14;0.8234;0.7969;0.834;0.8074
15-07-14;0.8234;0.7969;0.834;0.8074
16-07-14;0.8234;0.7969;0.834;0.8074
17-07-14;0.8234;0.7969;0.834;0.8074
18-07-14;0.8234;0.7969;0.834;0.8074
19-07-14;0.8234;0.7969;0.834;0.8074
20-07-14;0.8234;0.7969;0.834;0.8074
21-07-14;0.8234;0.7969;0.834;0.8074
22-07-14;0.8234;0.7969;0.834;0.8074
23-07-14;0.8234;0.7969;0.834;0.8074
24-07-14;0.8234;0.7969;0.834;0.8074
25-07-14;0.8234;0.7969;0.834;0.8074
26-07-14;0.8234;0.7969;0.834;0.8074
27-07-14;0.8234;0.7969;0.834;0.8074
28-07-14;0.8234;0.7969;0.834;0.8074
29-07-14;0.8234;0.7969;0.834;0.8074
30-07-14;0.8234;0.7969;0.834;0.8074
31-07-14;0.8353;0.8087;0.834;0.8074
01-08-14;0.8353;0.8087;0.8472;0.8206
02-08-14;0.8353;0.8087;0.8472;0.8206
03-08-14;0.8353;0.8087;0.8472;0.8206
04-08-14;0.8353;0.8087;0.8472;0.8206
05-08-14;0.8353;0.8087;0.8472;0.8206
06-08-14;0.8353;0.8087;0.8472;0.8206
07-08-14;0.8353;0.8087;0.8472;0.8206
08-08-14;0.8353;0.8087;0.8472;0.8206
09-08-14;0.8353;0.8087;0.8472;0.8206
10-08-14;0.8353;0.8087;0.8472;0.8206
11-08-14;0.8353;0.8087;0.8472;0.8206
12-08-14;0.8353;0.8087;0.8472;0.8206
13-08-14;0.8353;0.8087;0.8472;0.8206
14-08-14;0.8353;0.8087;0.8472;0.8206
15-08-14;0.8353;0.8087;0.8368;0.8102
16-08-14;0.8353;0.8087;0.8368;0.8102
17-08-14;0.8353;0.8087;0.8368;0.8102
18-08-14;0.8353;0.8087;0.8368;0.8102
19-08-14;0.8353;0.8087;0.8368;0.8102
20-08-14;0.8188;0.7922;0.8368;0.8102
21-08-14;0.8188;0.7922;0.8368;0.8102
22-08-14;0.8188;0.7922;0.8368;0.8102
23-08-14;0.8188;0.7922;0.8368;0.8102
24-08-14;0.8188;0.7922;0.8368;0.8102
25-08-14;0.8188;0.7922;0.8368;0.8102
26-08-14;0.8188;0.7922;0.8368;0.8102
27-08-14;0.8188;0.7922;0.8368;0.8102
28-08-14;0.8188;0.7922;0.8368;0.8102
29-08-14;0.8188;0.7922;0.8368;0.8102
30-08-14;0.8188;0.7922;0.8368;0.8102
31-08-14;0.8188;0.7922;0.8368;0.8102
01-09-14;0.8188;0.7922;0.8368;0.8102
02-09-14;0.8188;0.7922;0.8368;0.8102
03-09-14;0.8292;0.8026;0.8368;0.8102
04-09-14;0.8292;0.8026;0.8368;0.8102
05-09-14;0.8292;0.8026;0.8368;0.8102
06-09-14;0.8292;0.8026;0.8368;0.8102
07-09-14;0.8292;0.8026;0.8368;0.8102
08-09-14;0.8292;0.8026;0.8368;0.8102
09-09-14;0.8292;0.8026;0.8368;0.8102
10-09-14;0.8292;0.8026;0.8368;0.8102
11-09-14;0.8292;0.8026;0.8368;0.8102
12-09-14;0.8292;0.8026;0.8368;0.8102
13-09-14;0.8292;0.8026;0.8368;0.8102
14-09-14;0.8292;0.8026;0.8368;0.8102
15-09-14;0.8292;0.8026;0.8368;0.8102
16-09-14;0.8292;0.8026;0.8368;0.8102
17-09-14;0.8292;0.8026;0.8368;0.8102
18-09-14;0.8158;0.7892;0.8368;0.8102
19-09-14;0.8158;0.7892;0.8368;0.8102
20-09-14;0.8158;0.7892;0.829;0.8024
21-09-14;0.8158;0.7892;0.829;0.8024
22-09-14;0.8158;0.7892;0.829;0.8024
23-09-14;0.8158;0.7892;0.829;0.8024
24-09-14;0.8158;0.7892;0.829;0.8024
25-09-14;0.8158;0.7892;0.829;0.8024
26-09-14;0.8158;0.7892;0.829;0.8024
27-09-14;0.8158;0.7892;0.829;0.8024
28-09-14;0.8158;0.7892;0.829;0.8024
29-09-14;0.8158;0.7892;0.829;0.8024
30-09-14;0.8158;0.7892;0.829;0.8024
01-10-14;0.8158;0.7892;0.829;0.8024
02-10-14;0.8138;0.7872;0.8269;0.8004
03-10-14;0.8138;0.7872;0.8269;0.8004
04-10-14;0.8138;0.7872;0.8269;0.8004
05-10-14;0.7919;0.7654;0.8269;0.8004
06-10-14;0.7919;0.7654;0.8269;0.8004
07-10-14;0.7919;0.7654;0.8269;0.8004
08-10-14;0.7919;0.7654;0.8007;0.7741
09-10-14;0.7919;0.7654;0.8007;0.7741
10-10-14;0.7919;0.7654;0.8007;0.7741
11-10-14;0.7919;0.7654;0.8007;0.7741
12-10-14;0.7919;0.7654;0.8007;0.7741
13-10-14;0.7919;0.7654;0.8007;0.7741
14-10-14;0.7919;0.7654;0.8007;0.7741
15-10-14;0.7722;0.7457;0.7785;0.752
16-10-14;0.7722;0.7457;0.7785;0.752
17-10-14;0.7722;0.7457;0.7731;0.7466
18-10-14;0.7722;0.7457;0.7731;0.7466
19-10-14;0.7722;0.7457;0.7731;0.7466
20-10-14;0.7722;0.7457;0.7731;0.7466
21-10-14;0.7722;0.7457;0.7731;0.7466
22-10-14;0.7435;0.7169;0.7731;0.7466
23-10-14;0.7435;0.7169;0.7731;0.7466
24-10-14;0.7435;0.7169;0.7731;0.7466
25-10-14;0.7435;0.7169;0.7731;0.7466
26-10-14;0.7435;0.7169;0.7731;0.7466
27-10-14;0.7435;0.7169;0.7731;0.7466
28-10-14;0.7435;0.7169;0.7731;0.7466
29-10-14;0.7435;0.7169;0.7731;0.7466
30-10-14;0.7435;0.7169;0.7731;0.7466
31-10-14;0.7508;0.7242;0.7731;0.7466
01-11-14;0.7508;0.7242;0.7731;0.7466
02-11-14;0.7508;0.7242;0.7731;0.7466
03-11-14;0.7508;0.7242;0.7731;0.7466
04-11-14;0.7508;0.7242;0.7731;0.7466
05-11-14;0.7508;0.7242;0.7731;0.7466
06-11-14;0.7508;0.7242;0.7731;0.7466
07-11-14;0.7508;0.7242;0.7731;0.7466
08-11-14;0.7508;0.7242;0.7731;0.7466
09-11-14;0.7508;0.7242;0.7731;0.7466
10-11-14;0.7508;0.7242;0.7731;0.7466
11-11-14;0.7508;0.7242;0.7731;0.7466
12-11-14;0.7685;0.7419;0.7731;0.7466
13-11-14;0.7685;0.7419;0.7731;0.7466
14-11-14;0.7685;0.7419;0.7731;0.7466
15-11-14;0.7685;0.7419;0.7785;0.752
16-11-14;0.7369;0.7103;0.7785;0.752
17-11-14;0.7369;0.7103;0.7785;0.752
18-11-14;0.7369;0.7103;0.7785;0.752
19-11-14;0.7369;0.7103;0.7785;0.752
20-11-14;0.7369;0.7103;0.7785;0.752
21-11-14;0.7369;0.7103;0.7449;0.7184
22-11-14;0.7369;0.7103;0.7449;0.7184
23-11-14;0.7369;0.7103;0.7449;0.7184
24-11-14;0.7369;0.7103;0.7449;0.7184
25-11-14;0.7369;0.7103;0.7449;0.7184
26-11-14;0.7369;0.7103;0.7449;0.7184
27-11-14;0.7369;0.7103;0.7449;0.7184
28-11-14;0.7369;0.7103;0.7449;0.7184
29-11-14;0.7253;0.6987;0.7449;0.7184
30-11-14;0.7253;0.6987;0.6928;0.6662
01-12-14;0.7253;0.6987;0.6928;0.6662
02-12-14;0.7253;0.6987;0.6928;0.6662
03-12-14;0.7253;0.6987;0.6928;0.6662
04-12-14;0.7253;0.6987;0.6928;0.6662
05-12-14;0.6827;0.6562;0.6928;0.6662
06-12-14;0.6827;0.6562;0.6928;0.6662
07-12-14;0.6827;0.6562;0.6928;0.6662
08-12-14;0.6827;0.6562;0.6928;0.6662
09-12-14;0.6827;0.6562;0.6928;0.6662
10-12-14;0.6827;0.6562;0.6928;0.6662
11-12-14;0.6827;0.6562;0.6928;0.6662
12-12-14;0.6555;0.629;0.6683;0.6417
13-12-14;0.6555;0.629;0.6683;0.6417
14-12-14;0.6555;0.629;0.6683;0.6417
15-12-14;0.6555;0.629;0.6683;0.6417
16-12-14;0.6555;0.629;0.6683;0.6417
17-12-14;0.6555;0.629;0.6683;0.6417
18-12-14;0.6127;0.5861;0.6225;0.5959
19-12-14;0.6127;0.5861;0.6225;0.5959
20-12-14;0.6127;0.5861;0.6225;0.5959
21-12-14;0.6127;0.5861;0.6225;0.5959
22-12-14;0.6127;0.5861;0.6225;0.5959
23-12-14;0.6127;0.5861;0.6225;0.5959
24-12-14;0.6127;0.5861;0.6225;0.5959
25-12-14;0.6127;0.5861;0.6225;0.5959
26-12-14;0.6127;0.5861;0.6225;0.5959
27-12-14;0.6127;0.5861;0.6225;0.5959
28-12-14;0.6127;0.5861;0.6225;0.5959
29-12-14;0.6127;0.5861;0.6225;0.5959
30-12-14;0.6127;0.5861;0.6225;0.5959
31-12-14;0.6127;0.5861;0.6225;0.5959
01-01-15;0.6116;0.585;0.6214;0.5948
02-01-15;0.6116;0.585;0.6214;0.5948
03-01-15;0.6116;0.585;0.5919;0.5654
04-01-15;0.6116;0.585;0.5919;0.5654
05-01-15;0.6116;0.585;0.5919;0.5654
06-01-15;0.595;0.5684;0.5919;0.5654
07-01-15;0.595;0.5684;0.5919;0.5654
08-01-15;0.595;0.5684;0.5919;0.5654
09-01-15;0.595;0.5684;0.5919;0.5654
10-01-15;0.5727;0.5462;0.5919;0.5654
11-01-15;0.5727;0.5462;0.5919;0.5654
12-01-15;0.5727;0.5462;0.5919;0.5654
13-01-15;0.5727;0.5462;0.5669;0.5404
14-01-15;0.5727;0.5462;0.5669;0.5404
15-01-15;0.5727;0.5462;0.5669;0.5404
16-01-15;0.5437;0.5171;0.5669;0.5404
17-01-15;0.5437;0.5171;0.5669;0.5404
18-01-15;0.5437;0.5171;0.5669;0.5404
19-01-15;0.5437;0.5171;0.5669;0.5404
20-01-15;0.563;0.5365;0.5669;0.5404
21-01-15;0.563;0.5365;0.5669;0.5404
22-01-15;0.563;0.5365;0.5669;0.5404
23-01-15;0.563;0.5365;0.5669;0.5404
24-01-15;0.563;0.5365;0.5669;0.5404
25-01-15;0.563;0.5365;0.5669;0.5404
26-01-15;0.563;0.5365;0.5669;0.5404
27-01-15;0.563;0.5365;0.5669;0.5404
28-01-15;0.563;0.5365;0.5861;0.5596
29-01-15;0.578;0.5171;0.5861;0.5596
30-01-15;0.5437;0.5171;0.5861;0.5596
31-01-15;0.5437;0.5171;0.5861;0.5596
01-02-15;0.5437;0.5171;0.5861;0.5596
02-02-15;0.5437;0.5171;0.5861;0.5596
03-02-15;0.5437;0.5171;0.5861;0.5596
04-02-15;0.5437;0.5171;0.5861;0.5596
05-02-15;0.6308;0.6042;0.636;0.6094
06-02-15;0.6308;0.6042;0.636;0.6094
07-02-15;0.6308;0.6042;0.636;0.6094
08-02-15;0.6308;0.6042;0.636;0.6094
09-02-15;0.6308;0.6042;0.636;0.6094
10-02-15;0.6308;0.6042;0.636;0.6094
11-02-15;0.6308;0.6042;0.636;0.6094
12-02-15;0.6308;0.6042;0.636;0.6094
13-02-15;0.645;0.6185;0.6518;0.6253
14-02-15;0.645;0.6185;0.6518;0.6253
15-02-15;0.645;0.6185;0.6518;0.6253
16-02-15;0.645;0.6185;0.6518;0.6253
17-02-15;0.645;0.6185;0.6518;0.6253
18-02-15;0.6732;0.6466;0.6854;0.6588
19-02-15;0.6732;0.6466;0.6854;0.6588
20-02-15;0.6732;0.6466;0.6854;0.6588
21-02-15;0.6732;0.6466;0.6683;0.6417
22-02-15;0.6732;0.6466;0.6683;0.6417
23-02-15;0.6732;0.6466;0.6683;0.6417
24-02-15;0.6732;0.6466;0.6683;0.6417
25-02-15;0.6732;0.6466;0.6683;0.6417
26-02-15;0.6732;0.6466;0.6683;0.6417
27-02-15;0.6647;0.6381;0.636;0.6417
28-02-15;0.6647;0.6381;0.6844;0.6579
01-03-15;0.6647;0.6381;0.6844;0.6579
02-03-15;0.6647;0.6381;0.6844;0.6579
03-03-15;0.6647;0.6381;0.6844;0.6579
04-03-15;0.6647;0.6381;0.6844;0.6579
05-03-15;0.6647;0.6381;0.6844;0.6579
06-03-15;0.6647;0.6381;0.6844;0.6579
07-03-15;0.6647;0.6381;0.6844;0.6579
08-03-15;0.6647;0.6381;0.6844;0.6579
09-03-15;0.6647;0.6381;0.6844;0.6579
10-03-15;0.6647;0.6381;0.6844;0.6579
11-03-15;0.6647;0.6381;0.6844;0.6579
12-03-15;0.6647;0.6381;0.6844;0.6579
13-03-15;0.6647;0.6381;0.6844;0.6579
14-03-15;0.6647;0.6381;0.6844;0.6579
15-03-15;0.6647;0.6381;0.6844;0.6579
16-03-15;0.6647;0.6381;0.6844;0.6579
17-03-15;0.6647;0.6381;0.6844;0.6579
18-03-15;0.6647;0.6381;0.6844;0.6579
19-03-15;0.6333;0.6067;0.6441;0.6176
20-03-15;0.6333;0.6067;0.6441;0.6176
21-03-15;0.6333;0.6067;0.6441;0.6176
22-03-15;0.6333;0.6067;0.6441;0.6176
23-03-15;0.6333;0.6067;0.6441;0.6176
24-03-15;0.6333;0.6067;0.6441;0.6176
25-03-15;0.6333;0.6067;0.6441;0.6176
26-03-15;0.6333;0.6067;0.6441;0.6176
27-03-15;0.6333;0.6067;0.6441;0.6176
28-03-15;0.6333;0.6067;0.6441;0.6176
29-03-15;0.6333;0.6067;0.6639;0.6417
30-03-15;0.6333;0.6067;0.6844;0.6579
31-03-15;0.6333;0.6067;0.6844;0.6579
01-04-15;0.6333;0.6067;0.6844;0.6579
02-04-15;0.6268;0.6005;0.6575;0.6312
03-04-15;0.6401;0.6138;0.6575;0.6312
04-04-15;0.6401;0.6138;0.6575;0.6312
05-04-15;0.6401;0.6138;0.6575;0.6312
06-04-15;0.6401;0.6138;0.6575;0.6312
07-04-15;0.6401;0.6138;0.6575;0.6312
08-04-15;0.6401;0.6138;0.6575;0.6312
09-04-15;0.6401;0.6138;0.6575;0.6312
10-04-15;0.6401;0.6138;0.6575;0.6312
11-04-15;0.6401;0.6138;0.6461;0.6198
12-04-15;0.6401;0.6138;0.6461;0.6198
13-04-15;0.6401;0.6138;0.6461;0.6198
14-04-15;0.6401;0.6138;0.6461;0.6198
15-04-15;0.6401;0.6138;0.6461;0.6198
16-04-15;0.6401;0.6138;0.6461;0.6198
17-04-15;0.6647;0.6384;0.6756;0.6493
18-04-15;0.6647;0.6384;0.6756;0.6493
19-04-15;0.6647;0.6384;0.6756;0.6493
20-04-15;0.6647;0.6384;0.6756;0.6493
21-04-15;0.6647;0.6384;0.6756;0.6493
22-04-15;0.6647;0.6384;0.6756;0.6493
23-04-15;0.6647;0.6384;0.6756;0.6493
24-04-15;0.6791;0.6528;0.6924;0.6661
25-04-15;0.6791;0.6528;0.6924;0.6661
26-04-15;0.6791;0.6528;0.6924;0.6661
27-04-15;0.6791;0.6528;0.6924;0.6661
28-04-15;0.6791;0.6528;0.6924;0.6661
29-04-15;0.6791;0.6528;0.6924;0.6661
30-04-15;0.6791;0.6528;0.6924;0.6661
01-05-15;0.6791;0.6528;0.6924;0.6661
02-05-15;0.692;0.6657;0.6924;0.6661
03-05-15;0.692;0.6657;0.6924;0.6661
04-05-15;0.692;0.6657;0.6924;0.6661
05-05-15;0.692;0.6657;0.6924;0.6661
06-05-15;0.692;0.6657;0.6924;0.6661
07-05-15;0.692;0.6657;0.6924;0.6661
08-05-15;0.692;0.6657;0.6924;0.6661
09-05-15;0.692;0.6657;0.7131;0.6868
10-05-15;0.692;0.6657;0.7131;0.6868
11-05-15;0.692;0.6657;0.7131;0.6868
12-05-15;0.692;0.6657;0.7131;0.6868
13-05-15;0.692;0.6657;0.7131;0.6868
14-05-15;0.692;0.6657;0.6889;0.6626
15-05-15;0.692;0.6657;0.6889;0.6626
16-05-15;0.692;0.6657;0.6889;0.6626
17-05-15;0.692;0.6657;0.6889;0.6626
18-05-15;0.692;0.6657;0.6889;0.6626
19-05-15;0.692;0.6657;0.6889;0.6626
20-05-15;0.692;0.6657;0.6889;0.6626
21-05-15;0.692;0.6657;0.6889;0.6626
22-05-15;0.692;0.6657;0.6889;0.6626
23-05-15;0.692;0.6657;0.6889;0.6626
24-05-15;0.692;0.6657;0.7058;0.6795
25-05-15;0.692;0.6657;0.7058;0.6795
26-05-15;0.692;0.6657;0.7058;0.6795
27-05-15;0.692;0.6657;0.7058;0.6795
28-05-15;0.692;0.6657;0.7058;0.6795
29-05-15;0.692;0.6657;0.7058;0.6795
30-05-15;0.692;0.6657;0.7058;0.6795
31-05-15;0.692;0.6657;0.6816;0.6198
01-06-15;0.692;0.6657;0.6461;0.6198
02-06-15;0.692;0.6657;0.6461;0.6198
03-06-15;0.692;0.6657;0.6461;0.6198
04-06-15;0.692;0.6657;0.6461;0.6198
05-06-15;0.692;0.6657;0.6987;0.6724
06-06-15;0.692;0.6657;0.6987;0.6724
07-06-15;0.6551;0.6288;0.6987;0.6724
08-06-15;0.6551;0.6288;0.6987;0.6724
09-06-15;0.6551;0.6288;0.6987;0.6724
10-06-15;0.6551;0.6288;0.6632;0.6369
11-06-15;0.6551;0.6288;0.6632;0.6369
12-06-15;0.6778;0.6515;0.681;0.6547
13-06-15;0.6778;0.6515;0.681;0.6547
14-06-15;0.6778;0.6515;0.681;0.6547
15-06-15;0.6778;0.6515;0.681;0.6547
16-06-15;0.6778;0.6515;0.681;0.6547
17-06-15;0.6778;0.6515;0.681;0.6547
18-06-15;0.6778;0.6515;0.681;0.6547
19-06-15;0.6778;0.6515;0.681;0.6547
20-06-15;0.6778;0.6515;0.681;0.6547
21-06-15;0.6778;0.6515;0.681;0.6547
22-06-15;0.6778;0.6515;0.681;0.6547
23-06-15;0.6778;0.6515;0.681;0.6547
24-06-15;0.6778;0.6515;0.681;0.6547
25-06-15;0.657;0.6307;0.6602;0.6339
26-06-15;0.657;0.6307;0.6602;0.6339
27-06-15;0.657;0.6307;0.6602;0.6339
28-06-15;0.657;0.6307;0.6602;0.6339
29-06-15;0.657;0.6307;0.6602;0.6339
30-06-15;0.657;0.6307;0.6602;0.6339
01-07-15;0.657;0.6307;0.6602;0.6339
02-07-15;0.6573;0.631;0.6605;0.6342
03-07-15;0.6669;0.6406;0.6711;0.6448
04-07-15;0.6669;0.6406;0.6711;0.6448
05-07-15;0.6669;0.6406;0.6711;0.6448
06-07-15;0.6669;0.6406;0.6711;0.6448
07-07-15;0.6669;0.6406;0.6711;0.6448
08-07-15;0.6669;0.6406;0.6711;0.6448
09-07-15;0.6669;0.6406;0.6711;0.6448
10-07-15;0.6274;0.6011;0.6315;0.6052
11-07-15;0.6274;0.6011;0.6315;0.6052
12-07-15;0.6419;0.6156;0.6315;0.6052
13-07-15;0.6419;0.6156;0.6315;0.6052
14-07-15;0.6419;0.6156;0.6315;0.6052
15-07-15;0.6419;0.6156;0.6315;0.6052
16-07-15;0.6419;0.6156;0.6315;0.6052
17-07-15;0.6419;0.6156;0.6315;0.6052
18-07-15;0.6419;0.6156;0.6315;0.6052
19-07-15;0.6419;0.6156;0.6315;0.6052
20-07-15;0.6419;0.6156;0.6315;0.6052
21-07-15;0.6419;0.6156;0.6315;0.6052
22-07-15;0.5653;0.5391;0.6315;0.6052
23-07-15;0.5653;0.5391;0.6315;0.6052
24-07-15;0.5653;0.5391;0.6315;0.6052
25-07-15;0.5653;0.5391;0.6315;0.6052
26-07-15;0.5653;0.5391;0.6315;0.6052
27-07-15;0.5653;0.5391;0.6315;0.6052
28-07-15;0.5653;0.5391;0.6315;0.6052
29-07-15;0.6215;0.5952;0.6137;0.5875
30-07-15;0.6215;0.5952;0.6137;0.5875
31-07-15;0.5991;0.5728;0.6137;0.5875
01-08-15;0.5991;0.5728;0.6137;0.5875
02-08-15;0.5991;0.5728;0.6137;0.5875
03-08-15;0.5991;0.5728;0.6137;0.5875
04-08-15;0.5991;0.5728;0.6137;0.5875
05-08-15;0.5991;0.5728;0.6137;0.5875
06-08-15;0.5991;0.5728;0.5886;0.5623
07-08-15;0.5991;0.5728;0.5886;0.5623
08-08-15;0.5811;0.5548;0.5886;0.5623
09-08-15;0.5811;0.5548;0.5886;0.5623
10-08-15;0.5811;0.5548;0.5886;0.5623
11-08-15;0.5811;0.5548;0.5886;0.5623
12-08-15;0.5811;0.5548;0.5886;0.5623
13-08-15;0.5811;0.5548;0.5886;0.5623
14-08-15;0.5811;0.5548;0.5886;0.5623
15-08-15;0.5811;0.5548;0.5886;0.5623
16-08-15;0.5811;0.5548;0.5886;0.5623
17-08-15;0.5811;0.5548;0.5886;0.5623
18-08-15;0.5811;0.5548;0.5886;0.5623
19-08-15;0.5811;0.5548;0.5886;0.5623
20-08-15;0.5811;0.5548;0.5886;0.5623
21-08-15;0.5811;0.5548;0.5886;0.5623
22-08-15;0.5653;0.5391;0.5717;0.5454
23-08-15;0.5653;0.5391;0.5717;0.5454
24-08-15;0.5653;0.5391;0.5717;0.5454
25-08-15;0.5653;0.5391;0.5717;0.5454
26-08-15;0.5653;0.5391;0.5717;0.5454
27-08-15;0.5653;0.5391;0.5717;0.5454
28-08-15;0.5185;0.4922;0.5346;0.5083
29-08-15;0.5185;0.4922;0.5346;0.5083
30-08-15;0.5402;0.5139;0.5346;0.5083
31-08-15;0.5402;0.5139;0.5346;0.5083
01-09-15;0.5402;0.5139;0.5346;0.5083
02-09-15;0.5402;0.5139;0.5346;0.5083
03-09-15;0.5402;0.5139;0.5788;0.5525
04-09-15;0.5402;0.5139;0.5788;0.5525
05-09-15;0.5402;0.5139;0.5788;0.5525
06-09-15;0.5858;0.5595;0.5788;0.5525
07-09-15;0.5858;0.5595;0.5788;0.5525
08-09-15;0.5858;0.5595;0.5788;0.5525
09-09-15;0.5858;0.5595;0.5788;0.5525
10-09-15;0.5858;0.5595;0.5788;0.5525
11-09-15;0.5858;0.5595;0.5788;0.5525
12-09-15;0.5858;0.5595;0.5788;0.5525
13-09-15;0.5699;0.5436;0.5788;0.5525
14-09-15;0.5699;0.5436;0.5788;0.5525
15-09-15;0.5699;0.5436;0.5788;0.5525
16-09-15;0.5699;0.5436;0.5788;0.5525
17-09-15;0.5699;0.5436;0.5788;0.5525
18-09-15;0.5699;0.5436;0.5519;0.5256
19-09-15;0.5699;0.5436;0.5519;0.5256
20-09-15;0.554;0.5277;0.5519;0.5256
21-09-15;0.554;0.5277;0.5519;0.5256
22-09-15;0.554;0.5277;0.5519;0.5256
23-09-15;0.554;0.5277;0.5519;0.5256
24-09-15;0.554;0.5277;0.5519;0.5256
25-09-15;0.554;0.5277;0.5519;0.5256
26-09-15;0.554;0.5277;0.5738;0.5475
27-09-15;0.554;0.5277;0.5738;0.5475
28-09-15;0.554;0.5277;0.5738;0.5475
29-09-15;0.554;0.5277;0.5738;0.5475
30-09-15;0.554;0.5277;0.5738;0.5475
01-10-15;0.554;0.5277;0.5738;0.5475
02-10-15;0.5516;0.5253;0.5714;0.5451
03-10-15;0.5516;0.5253;0.5714;0.5451
04-10-15;0.5627;0.5364;0.5714;0.5451
05-10-15;0.5627;0.5364;0.5714;0.5451
06-10-15;0.5627;0.5364;0.5714;0.5451
07-10-15;0.5627;0.5364;0.5509;0.5246
08-10-15;0.5627;0.5364;0.5509;0.5246
09-10-15;0.5627;0.5364;0.5509;0.5246
10-10-15;0.5627;0.5364;0.5754;0.5491
11-10-15;0.5627;0.5364;0.5754;0.5491
12-10-15;0.5627;0.5364;0.5754;0.5491
13-10-15;0.5627;0.5364;0.5754;0.5491
14-10-15;0.5627;0.5364;0.5754;0.5491
15-10-15;0.5627;0.5364;0.5754;0.5491
16-10-15;0.5627;0.5364;0.5754;0.5491
17-10-15;0.5627;0.5364;0.5415;0.5152
18-10-15;0.5315;0.5052;0.5415;0.5152
19-10-15;0.5315;0.5052;0.5415;0.5152
20-10-15;0.5315;0.5052;0.5415;0.5152
21-10-15;0.5315;0.5052;0.5415;0.5152
22-10-15;0.5315;0.5052;0.5415;0.5152
23-10-15;0.5315;0.5052;0.5415;0.5152
24-10-15;0.5315;0.5052;0.5415;0.5152
25-10-15;0.5315;0.5052;0.5415;0.5152
26-10-15;0.5315;0.5052;0.5415;0.5152
27-10-15;0.5315;0.5052;0.5415;0.5152
28-10-15;0.5315;0.5052;0.5415;0.5152
29-10-15;0.5315;0.5052;0.5415;0.5152
30-10-15;0.5315;0.5052;0.5415;0.5152
31-10-15;0.5315;0.5052;0.5415;0.5152
01-11-15;0.5315;0.5052;0.5415;0.5152
02-11-15;0.5315;0.5052;0.5415;0.5152
03-11-15;0.5315;0.5052;0.5415;0.5152
04-11-15;0.5315;0.5052;0.5415;0.5152
05-11-15;0.5501;0.5238;0.5628;0.5365
06-11-15;0.5501;0.5238;0.5628;0.5365
07-11-15;0.5501;0.5238;0.5628;0.5365
08-11-15;0.5501;0.5238;0.5628;0.5365
09-11-15;0.5501;0.5238;0.5628;0.5365
10-11-15;0.5501;0.5238;0.5628;0.5365
11-11-15;0.5501;0.5238;0.5628;0.5365
12-11-15;0.5501;0.5238;0.5628;0.5365
13-11-15;0.5501;0.5238;0.5628;0.5365
14-11-15;0.5501;0.5238;0.5628;0.5365
15-11-15;0.5501;0.5238;0.5628;0.5365
16-11-15;0.5501;0.5238;0.5628;0.5365
17-11-15;0.5501;0.5238;0.5628;0.5365
18-11-15;0.5501;0.5238;0.5628;0.5365
19-11-15;0.524;0.4977;0.5628;0.5365
20-11-15;0.524;0.4977;0.5628;0.5365
21-11-15;0.524;0.4977;0.5469;0.5206
22-11-15;0.524;0.4977;0.5469;0.5206
23-11-15;0.524;0.4977;0.5469;0.5206
24-11-15;0.524;0.4977;0.5469;0.5206
25-11-15;0.524;0.4977;0.5469;0.5206
26-11-15;0.524;0.4977;0.5469;0.5206
27-11-15;0.5428;0.5165;0.5469;0.5206
28-11-15;0.5428;0.5165;0.5469;0.5206
29-11-15;0.5428;0.5165;0.5469;0.5206
30-11-15;0.5428;0.5165;0.5469;0.5206
01-12-15;0.5428;0.5165;0.5469;0.5206
02-12-15;0.5428;0.5165;0.5469;0.5206
03-12-15;0.5428;0.5165;0.5469;0.5206
04-12-15;0.5428;0.5165;0.5469;0.5206
05-12-15;0.505;0.4787;0.5107;0.4844
06-12-15;0.505;0.4787;0.5107;0.4844
07-12-15;0.505;0.4787;0.5107;0.4844
08-12-15;0.505;0.4787;0.5107;0.4844
09-12-15;0.505;0.4787;0.5107;0.4844
10-12-15;0.505;0.4787;0.5107;0.4844
11-12-15;0.505;0.4787;0.5107;0.4844
12-12-15;0.4683;0.442;0.5107;0.4844
13-12-15;0.4683;0.442;0.4751;0.4488
14-12-15;0.4683;0.442;0.4751;0.4488
15-12-15;0.4683;0.442;0.4751;0.4488
16-12-15;0.4683;0.442;0.4751;0.4488
17-12-15;0.4683;0.442;0.4751;0.4488
18-12-15;0.4683;0.442;0.4751;0.4488
19-12-15;0.4429;0.4166;0.4498;0.4235
20-12-15;0.4429;0.4166;0.4498;0.5475
21-12-15;0.4429;0.4166;0.4498;0.5475
22-12-15;0.4429;0.4166;0.4498;0.5475
23-12-15;0.4429;0.4166;0.4498;0.5475
24-12-15;0.4429;0.4166;0.4498;0.5475
25-12-15;0.4429;0.4166;0.4498;0.5475
26-12-15;0.4429;0.4166;0.4498;0.5475
27-12-15;0.4429;0.4166;0.4498;0.5475
28-12-15;0.4429;0.4166;0.4498;0.5475
29-12-15;0.4429;0.4166;0.4498;0.5475
30-12-15;0.4429;0.4166;0.4498;0.5475
31-12-15;0.4429;0.4166;0.4498;0.5475
01-01-16;0.4479;0.4216;0.4491;0.4228
02-01-16;0.4479;0.4216;0.4491;0.4228
03-01-16;0.4479;0.4216;0.4491;0.4228
04-01-16;0.4479;0.4216;0.4491;0.4228
05-01-16;0.4479;0.4216;0.4491;0.4228
06-01-16;0.4479;0.4216;0.4491;0.4228
07-01-16;0.4479;0.4216;0.4491;0.4228
08-01-16;0.4479;0.4216;0.4491;0.4228
09-01-16;0.4479;0.4216;0.4491;0.4228
10-01-16;0.4479;0.4216;0.4491;0.4228
11-01-16;0.4479;0.4216;0.4491;0.4228
12-01-16;0.4479;0.4216;0.4491;0.4228
13-01-16;0.4142;0.3879;0.4128;0.3866
14-01-16;0.4142;0.3879;0.4128;0.3866
15-01-16;0.4142;0.3879;0.4128;0.3866
16-01-16;0.4142;0.3879;0.4128;0.3866
17-01-16;0.4142;0.3879;0.4128;0.3866
18-01-16;0.4142;0.3879;0.4128;0.3866
19-01-16;0.4142;0.3879;0.4128;0.3866
20-01-16;0.4142;0.3879;0.4128;0.3866
21-01-16;0.3901;0.3638;0.3885;0.3622
22-01-16;0.3901;0.3638;0.3885;0.3622
23-01-16;0.3901;0.3638;0.3885;0.3622
24-01-16;0.3901;0.3638;0.3885;0.3622
25-01-16;0.3901;0.3638;0.3885;0.3622
26-01-16;0.3901;0.3638;0.3885;0.3622
27-01-16;0.3901;0.3638;0.3885;0.3622
28-01-16;0.3901;0.3638;0.3885;0.3622
29-01-16;0.3901;0.3638;0.3885;0.3622
30-01-16;0.4254;0.3991;0.4273;0.401
31-01-16;0.4254;0.3991;0.4273;0.401
01-02-16;0.4254;0.3991;0.4273;0.401
02-02-16;0.4254;0.3991;0.4273;0.401
03-02-16;0.4254;0.3991;0.4273;0.401
04-02-16;0.412;0.3857;0.4114;0.3851
05-02-16;0.412;0.3857;0.4114;0.3851
06-02-16;0.412;0.3857;0.4114;0.3851
07-02-16;0.412;0.3857;0.4114;0.3851
08-02-16;0.412;0.3857;0.4114;0.3851
09-02-16;0.412;0.3857;0.4114;0.3851
10-02-16;0.412;0.3857;0.4114;0.3851
11-02-16;0.412;0.3857;0.4114;0.3851
12-02-16;0.412;0.3857;0.4114;0.3851
13-02-16;0.412;0.3857;0.4114;0.3851
14-02-16;0.412;0.3857;0.4114;0.3851
15-02-16;0.412;0.3857;0.4114;0.3851
16-02-16;0.412;0.3857;0.4114;0.3851
17-02-16;0.412;0.3857;0.4114;0.3851
18-02-16;0.412;0.3857;0.4114;0.3851
19-02-16;0.412;0.3857;0.4114;0.3851
20-02-16;0.412;0.3857;0.4114;0.3851
21-02-16;0.412;0.3857;0.4114;0.3851
22-02-16;0.412;0.3857;0.4114;0.3851
23-02-16;0.412;0.3857;0.4114;0.3851
24-02-16;0.433;0.4067;0.4307;0.4044
25-02-16;0.433;0.4067;0.4307;0.4044
26-02-16;0.433;0.4067;0.4307;0.4044
27-02-16;0.433;0.4067;0.4307;0.4044
28-02-16;0.433;0.4067;0.4307;0.4044
29-02-16;0.433;0.4067;0.4307;0.4044
01-03-16;0.433;0.4067;0.4307;0.4044
02-03-16;0.433;0.4067;0.4307;0.4044
03-03-16;0.433;0.4067;0.4307;0.4044
04-03-16;0.433;0.4067;0.4307;0.4044
05-03-16;0.433;0.4067;0.451;0.4247
06-03-16;0.433;0.4067;0.451;0.4247
07-03-16;0.433;0.4067;0.451;0.4247
08-03-16;0.4537;0.451;0.4274;0.4247
09-03-16;0.4537;0.451;0.4274;0.4247
10-03-16;0.4537;0.451;0.4274;0.4247
11-03-16;0.4537;0.451;0.4274;0.4247
12-03-16;0.4787;0.4524;0.4766;0.4503
13-03-16;0.4787;0.4524;0.4766;0.4503
14-03-16;0.4787;0.4524;0.4766;0.4503
15-03-16;0.4787;0.4524;0.4766;0.4503
16-03-16;0.4787;0.4524;0.4766;0.4503
17-03-16;0.4787;0.4524;0.4766;0.4503
18-03-16;0.4787;0.4524;0.4766;0.4503
19-03-16;0.4787;0.4524;0.4766;0.4503
20-03-16;0.4787;0.4524;0.4766;0.4503
21-03-16;0.4787;0.4524;0.4766;0.4503
22-03-16;0.4787;0.4524;0.4766;0.4503
23-03-16;0.4787;0.4524;0.4766;0.4503
24-03-16;0.4787;0.4524;0.4766;0.4503
25-03-16;0.4787;0.4524;0.4766;0.4503
26-03-16;0.4787;0.4524;0.4766;0.4503
27-03-16;0.4787;0.4524;0.4766;0.4503
28-03-16;0.4787;0.4524;0.4766;0.4503
29-03-16;0.4787;0.4524;0.4766;0.4503
30-03-16;0.4787;0.4524;0.4766;0.4503
31-03-16;0.4787;0.4524;0.4766;0.4503
01-04-16;0.4504;0.4241;0.4564;0.4301
02-04-16;0.4504;0.4241;0.4564;0.4301
03-04-16;0.4504;0.4241;0.4564;0.4301
04-04-16;0.4504;0.4241;0.4564;0.4301
05/04/2016;0.4504;0.4241;0.4564;0.4301
